"","census_tra","censusTract","group","lat","lon","color"
"1",250600,250600,4,41.905693456757,-87.7706325624542,"#AA0055"
"2",381300,381300,1,41.8093668421105,-87.61737159132,"#0000FF"
"3",560200,560200,3,41.8112835665949,-87.7477843391527,"#71008D"
"4",671300,671300,2,41.7739019655867,-87.6713496241455,"#3800C6"
"5",691100,691100,2,41.7617024101738,-87.6298717335287,"#3800C6"
"6",710700,710700,2,41.7471105809098,-87.6568842359358,"#3800C6"
"7",240300,240300,1,41.9123643627011,-87.6750627566514,"#0000FF"
"8",390400,390400,3,41.8059250275656,-87.6040586270847,"#71008D"
"9",491000,491000,2,41.6997569182638,-87.6280852866912,"#3800C6"
"10",520200,520200,3,41.7136556795765,-87.5399155977182,"#71008D"
"11",540100,540100,2,41.6601540887936,-87.6028200181939,"#3800C6"
"12",81700,81700,2,41.8920422367478,-87.6318639554142,"#3800C6"
"13",251100,251100,2,41.8986254734992,-87.7520115652165,"#3800C6"
"14",330500,330500,5,41.8482847115295,-87.6163721906483,"#E2001C"
"15",370300,370300,1,41.8054682753776,-87.632373613322,"#0000FF"
"16",431300,431300,2,41.7560530628025,-87.5615638808274,"#3800C6"
"17",612200,612200,3,41.7980306139363,-87.6403945847734,"#71008D"
"18",80600,80600,4,41.9071978794615,-87.6531144830925,"#AA0055"
"19",283600,283600,1,41.8631457800414,-87.6403305597594,"#0000FF"
"20",730100,730100,3,41.7251769364091,-87.6384771853601,"#71008D"
"21",280200,280200,3,41.8853508378168,-87.6521333466107,"#71008D"
"22",671500,671500,2,41.7681843778352,-87.6695610813366,"#3800C6"
"23",170200,170200,1,41.9493532650334,-87.781519083994,"#0000FF"
"24",681400,681400,2,41.7616128950861,-87.6492088277364,"#3800C6"
"25",301800,301800,2,41.8420370534472,-87.7314750932522,"#3800C6"
"26",231200,231200,2,41.8990616545292,-87.7213159023764,"#3800C6"
"27",260700,260700,2,41.8770569084304,-87.7279963676317,"#3800C6"
"28",191200,191200,4,41.9201264482163,-87.7607889332156,"#AA0055"
"29",520100,520100,3,41.7204640505919,-87.5313864984145,"#71008D"
"30",640300,640300,3,41.7815317324798,-87.7716332045847,"#71008D"
"31",243100,243100,5,41.8923551052074,-87.6745067910421,"#E2001C"
"32",260500,260500,2,41.8765231453278,-87.7377094697404,"#3800C6"
"33",210500,210500,4,41.9355033801619,-87.7221843896601,"#AA0055"
"34",71200,71200,1,41.9218549702277,-87.6462109806328,"#0000FF"
"35",281300,281300,1,41.8787342517151,-87.679024549552,"#0000FF"
"36",81800,81800,4,41.8932164850675,-87.6378442396385,"#AA0055"
"37",260600,260600,2,41.8770442703812,-87.7328887992232,"#3800C6"
"38",81500,81500,1,41.892507867001,-87.6262149003821,"#0000FF"
"39",750600,750600,4,41.6886315928073,-87.6520492668334,"#AA0055"
"40",210400,210400,1,41.9357451075924,-87.7303017938884,"#0000FF"
"41",292400,292400,4,41.8552382570152,-87.7224042777719,"#AA0055"
"42",460300,460300,2,41.7440634055464,-87.556950839802,"#3800C6"
"43",430100,430100,2,41.769564908249,-87.5692585154806,"#3800C6"
"44",530100,530100,4,41.6818559498377,-87.617931038497,"#AA0055"
"45",301600,301600,4,41.8407574759462,-87.7122519206643,"#AA0055"
"46",670600,670600,3,41.7830059086929,-87.6715775930428,"#71008D"
"47",410900,410900,5,41.7971534062108,-87.5823657389433,"#E2001C"
"48",671200,671200,4,41.7766994363839,-87.6665824565328,"#AA0055"
"49",690500,690500,4,41.7681809839222,-87.6121025446529,"#AA0055"
"50",700400,700400,4,41.7423445372914,-87.7119424436088,"#AA0055"
"51",160800,160800,3,41.9502121281939,-87.7128142333808,"#71008D"
"52",710600,710600,2,41.7476603300961,-87.660943067902,"#3800C6"
"53",161200,161200,1,41.9425542722257,-87.7385692285349,"#0000FF"
"54",660900,660900,2,41.7681060498625,-87.6980007921929,"#3800C6"
"55",430500,430500,2,41.764243439036,-87.5812710176145,"#3800C6"
"56",681100,681100,2,41.7687668698098,-87.6493598049842,"#3800C6"
"57",191300,191300,2,41.9202068297426,-87.7755906355086,"#3800C6"
"58",440100,440100,2,41.7439140392589,-87.6011299900487,"#3800C6"
"59",460600,460600,3,41.7356329159188,-87.5595140581276,"#71008D"
"60",470100,470100,3,41.728182234486,-87.5964756679198,"#71008D"
"61",31700,31700,3,41.9654458334487,-87.6631958636401,"#71008D"
"62",210200,210200,3,41.9430036066688,-87.7127822254563,"#71008D"
"63",281900,281900,1,41.8792550866182,-87.6426490034821,"#0000FF"
"64",440400,440400,4,41.7443310410491,-87.6306759220534,"#AA0055"
"65",170700,170700,5,41.9414908941119,-87.8221709941232,"#E2001C"
"66",411200,411200,5,41.790566722395,-87.5940154493617,"#E2001C"
"67",650500,650500,3,41.7622469273048,-87.7320590460328,"#71008D"
"68",140300,140300,4,41.9716619604588,-87.7236128687945,"#AA0055"
"69",330100,330100,3,41.8593499612767,-87.6173581039579,"#71008D"
"70",230600,230600,2,41.906167855639,-87.7338570183155,"#3800C6"
"71",610400,610400,4,41.8103987590759,-87.667449123848,"#AA0055"
"72",480500,480500,3,41.7275604724516,-87.5590605419165,"#71008D"
"73",530200,530200,2,41.6815615794725,-87.63239624265,"#3800C6"
"74",530300,530300,4,41.6813147091015,-87.6517530557163,"#AA0055"
"75",672000,672000,2,41.7612780656214,-87.6710020031318,"#3800C6"
"76",740100,740100,5,41.697269670224,-87.6985820743613,"#E2001C"
"77",242300,242300,1,41.8995066065368,-87.679600289455,"#0000FF"
"78",242800,242800,5,41.8925598317765,-87.6903129034387,"#E2001C"
"79",140700,140700,4,41.9647643925169,-87.7132541505213,"#AA0055"
"80",150200,150200,3,41.9606759354751,-87.7524091493752,"#71008D"
"81",460200,460200,4,41.7413866549326,-87.5470098416705,"#AA0055"
"82",730200,730200,2,41.7266357974706,-87.6535379343279,"#3800C6"
"83",70300,70300,1,41.9290469953139,-87.651310880555,"#0000FF"
"84",381500,381500,3,41.8101928981849,-87.6228623613314,"#71008D"
"85",421000,421000,1,41.7771881817198,-87.5939983777558,"#0000FF"
"86",660800,660800,2,41.7736411610819,-87.6932650971792,"#3800C6"
"87",382000,382000,4,41.8058540334211,-87.6089290023583,"#AA0055"
"88",280500,280500,3,41.8858550066615,-87.6816624655496,"#71008D"
"89",222000,222000,5,41.9160040755084,-87.6751465773538,"#E2001C"
"90",241500,241500,1,41.9083786819337,-87.6709451327868,"#0000FF"
"91",242600,242600,4,41.900560499727,-87.6941973886107,"#AA0055"
"92",350400,350400,1,41.8419280906592,-87.6283665134782,"#0000FF"
"93",710200,710200,2,41.755174346742,-87.6514091285323,"#3800C6"
"94",190700,190700,4,41.9276898242788,-87.7612002763344,"#AA0055"
"95",10800,10800,3,42.0019169832774,-87.674583991266,"#71008D"
"96",420800,420800,2,41.7769106023117,-87.6032571580866,"#3800C6"
"97",611200,611200,4,41.8049947701593,-87.662441756869,"#AA0055"
"98",710800,710800,2,41.7478370526078,-87.6488131231533,"#3800C6"
"99",460400,460400,4,41.7444909022678,-87.563692600554,"#AA0055"
"100",611700,611700,4,41.7975994420827,-87.6719765245194,"#AA0055"
"101",680300,680300,4,41.7907048453099,-87.642669146945,"#AA0055"
"102",51400,51400,1,41.9357495120911,-87.6809802902234,"#0000FF"
"103",660200,660200,2,41.7828365968896,-87.6886157074502,"#3800C6"
"104",200400,200400,4,41.9197323172035,-87.733687524614,"#AA0055"
"105",630800,630800,4,41.7899657808411,-87.6985727130935,"#AA0055"
"106",171000,171000,1,41.9418075286701,-87.796523770075,"#0000FF"
"107",690400,690400,2,41.769245091414,-87.6201776400653,"#3800C6"
"108",750100,750100,4,41.6958343087122,-87.6520311880568,"#AA0055"
"109",190100,190100,1,41.935214864028,-87.7443896172807,"#0000FF"
"110",200200,200200,3,41.9278532005811,-87.7356259845309,"#71008D"
"111",520300,520300,3,41.7011117482413,-87.5395607021986,"#71008D"
"112",570400,570400,3,41.8049843015329,-87.7191064516807,"#71008D"
"113",612100,612100,4,41.7979126141439,-87.6476811130639,"#AA0055"
"114",620100,620100,1,41.7979664264239,-87.7180594327285,"#0000FF"
"115",650100,650100,1,41.7823767978843,-87.7178554582413,"#0000FF"
"116",190400,190400,4,41.9347939978625,-87.776097966424,"#AA0055"
"117",291800,291800,3,41.8581374911775,-87.7074580278064,"#71008D"
"118",370400,370400,3,41.7981652416878,-87.6321164886593,"#71008D"
"119",271200,271200,4,41.8773600216158,-87.7035622985071,"#AA0055"
"120",681300,681300,2,41.7611663587138,-87.6398754984269,"#3800C6"
"121",230900,230900,2,41.9066840014635,-87.7103539582218,"#3800C6"
"122",400300,400300,4,41.7930990560738,-87.6131898609866,"#AA0055"
"123",350200,350200,1,41.8420550850477,-87.6196099707903,"#0000FF"
"124",151200,151200,5,41.942169449109,-87.771495529378,"#E2001C"
"125",680400,680400,2,41.790632633286,-87.6474942351081,"#3800C6"
"126",460500,460500,2,41.7468833343471,-87.5726075452285,"#3800C6"
"127",370100,370100,3,41.8200218631456,-87.6326287885771,"#71008D"
"128",700300,700300,3,41.7419225281536,-87.7315066569674,"#71008D"
"129",30100,30100,4,41.9941343532279,-87.657386415528,"#AA0055"
"130",60700,60700,5,41.9528438014938,-87.6520753322736,"#E2001C"
"131",270800,270800,3,41.8819615402266,-87.6987705410965,"#71008D"
"132",40200,40200,1,41.9758498027119,-87.6940437474787,"#0000FF"
"133",381800,381800,3,41.8038507692138,-87.6212199871332,"#71008D"
"134",750500,750500,4,41.6846151076894,-87.6712503714522,"#AA0055"
"135",300700,300700,4,41.848072288303,-87.7124503528216,"#AA0055"
"136",430800,430800,1,41.7607504276007,-87.5712986554421,"#0000FF"
"137",430200,430200,2,41.7696904998799,-87.5813495090531,"#3800C6"
"138",251800,251800,2,41.8841446600543,-87.7478743462758,"#3800C6"
"139",691400,691400,2,41.7548461346455,-87.6101685869166,"#3800C6"
"140",520600,520600,1,41.6895382327289,-87.5403971609053,"#0000FF"
"141",611100,611100,3,41.8050593244489,-87.657581717944,"#71008D"
"142",310800,310800,4,41.8559344237916,-87.6685745399814,"#AA0055"
"143",301900,301900,1,41.8288348556524,-87.7317539820893,"#0000FF"
"144",611500,611500,3,41.8054208706684,-87.6786661107254,"#71008D"
"145",500200,500200,4,41.7008889535833,-87.6000923937207,"#AA0055"
"146",700100,700100,3,41.753636181496,-87.6954008692748,"#71008D"
"147",730700,730700,3,41.7030819801003,-87.650079235644,"#71008D"
"148",290300,290300,1,41.8677967497509,-87.7032676526569,"#0000FF"
"149",611300,611300,4,41.8049361410672,-87.6673042602406,"#AA0055"
"150",110500,110500,1,41.9739917069534,-87.7612449358412,"#0000FF"
"151",140100,140100,3,41.9711428392972,-87.7057767328576,"#71008D"
"152",490600,490600,3,41.7179637047547,-87.6283572643357,"#71008D"
"153",370200,370200,3,41.8127816686118,-87.6325783786795,"#71008D"
"154",100500,100500,5,41.9780681379365,-87.8197889941126,"#E2001C"
"155",190300,190300,3,41.9349868865549,-87.761463378358,"#71008D"
"156",230500,230500,4,41.911666523517,-87.7339510007635,"#AA0055"
"157",580400,580400,4,41.8152741899966,-87.7091933025733,"#AA0055"
"158",420100,420100,1,41.7830341108393,-87.5826303524982,"#0000FF"
"159",271300,271300,4,41.8773046793719,-87.708453007169,"#AA0055"
"160",351300,351300,3,41.827410354541,-87.6199637017493,"#71008D"
"161",440800,440800,3,41.7317899320392,-87.6032654562737,"#71008D"
"162",660700,660700,2,41.7738454494903,-87.6810423677693,"#3800C6"
"163",480400,480400,4,41.7284486605318,-87.5754397908737,"#AA0055"
"164",660300,660300,2,41.7826864795625,-87.6983662094013,"#3800C6"
"165",730300,730300,3,41.7274358262935,-87.6645273850979,"#71008D"
"166",700500,700500,4,41.7424685941385,-87.6895260722446,"#AA0055"
"167",330200,330200,1,41.8612810441271,-87.6305801349652,"#0000FF"
"168",660600,660600,2,41.7772871041638,-87.6933412442532,"#3800C6"
"169",271100,271100,4,41.8774123899323,-87.6986498541479,"#AA0055"
"170",252200,252200,2,41.8767373378781,-87.7474158870836,"#3800C6"
"171",300900,300900,4,41.8481797167378,-87.702699358975,"#AA0055"
"172",460700,460700,2,41.7355812573988,-87.5492843747597,"#3800C6"
"173",221400,221400,1,41.9208017645414,-87.6945323835165,"#0000FF"
"174",60200,60200,5,41.9579039571231,-87.6715180139851,"#E2001C"
"175",160600,160600,3,41.9575928546814,-87.7013062512231,"#71008D"
"176",431200,431200,4,41.7553016681784,-87.5711847405352,"#AA0055"
"177",530500,530500,2,41.6677999536213,-87.6333924512894,"#3800C6"
"178",260800,260800,2,41.877100992733,-87.7230765639489,"#3800C6"
"179",243500,243500,1,41.8926581411628,-87.652534486959,"#0000FF"
"180",200300,200300,1,41.9234788685599,-87.7341424681801,"#0000FF"
"181",210700,210700,1,41.9357065197258,-87.703854547604,"#0000FF"
"182",230300,230300,1,41.9117848073384,-87.7149889905052,"#0000FF"
"183",251900,251900,2,41.8837935142104,-87.7600980517761,"#3800C6"
"184",310900,310900,4,41.8558062176539,-87.6746905870409,"#AA0055"
"185",380800,380800,3,41.8138794370933,-87.6190248345707,"#71008D"
"186",320300,320300,5,41.8813127022619,-87.6330214903506,"#E2001C"
"187",340600,340600,3,41.8274372766008,-87.6325587835539,"#71008D"
"188",460100,460100,2,41.7430651065809,-87.5399551771334,"#3800C6"
"189",290200,290200,3,41.8678501381982,-87.6983846271841,"#71008D"
"190",180200,180200,1,41.9272354085935,-87.7983899041415,"#0000FF"
"191",700200,700200,3,41.7529729645535,-87.7239136032254,"#71008D"
"192",291200,291200,4,41.8626615059992,-87.7128745842602,"#AA0055"
"193",291400,291400,4,41.8627990268829,-87.7006866221146,"#AA0055"
"194",691300,691300,4,41.7546793657368,-87.6198449915643,"#AA0055"
"195",252100,252100,2,41.8759806222508,-87.7652577232548,"#3800C6"
"196",480100,480100,1,41.7352516995972,-87.5754192974782,"#0000FF"
"197",270500,270500,4,41.8762236184513,-87.7177790616803,"#AA0055"
"198",271700,271700,4,41.8714404320966,-87.7033887467389,"#AA0055"
"199",690900,690900,2,41.7621423479759,-87.6103458378842,"#3800C6"
"200",230700,230700,2,41.906322742988,-87.7215382974723,"#3800C6"
"201",311000,311000,3,41.8554406581492,-87.6820185810152,"#71008D"
"202",630300,630300,3,41.7987972148735,-87.7086378707526,"#71008D"
"203",431100,431100,2,41.755197169423,-87.5810166880536,"#3800C6"
"204",691000,691000,4,41.7619611135287,-87.6200146989718,"#AA0055"
"205",252000,252000,2,41.8836620072336,-87.7698815533485,"#3800C6"
"206",251200,251200,2,41.8985493965646,-87.7606043278506,"#3800C6"
"207",282700,282700,4,41.8713515047263,-87.688674907458,"#AA0055"
"208",681000,681000,2,41.7760398019997,-87.6495525870999,"#3800C6"
"209",150300,150300,1,41.9605184509967,-87.7622859962868,"#0000FF"
"210",10200,10200,4,42.0160254287492,-87.6773446330232,"#AA0055"
"211",711300,711300,3,41.7335103417168,-87.6672802869447,"#71008D"
"212",490700,490700,4,41.7107380444459,-87.6284185413521,"#AA0055"
"213",271000,271000,1,41.8785494066652,-87.6938318266401,"#0000FF"
"214",690800,690800,4,41.7622433861077,-87.6006272376849,"#AA0055"
"215",231100,231100,3,41.8992506225853,-87.715072694098,"#71008D"
"216",80200,80200,3,41.9075540930205,-87.6309109915753,"#71008D"
"217",81400,81400,1,41.8927748850416,-87.6144632835019,"#0000FF"
"218",430300,430300,4,41.7696518978757,-87.5893427634813,"#AA0055"
"219",241900,241900,5,41.8998795065413,-87.6599128705434,"#E2001C"
"220",670700,670700,4,41.7830688471958,-87.666731821594,"#AA0055"
"221",310500,310500,3,41.8552501216775,-87.6547394942815,"#71008D"
"222",560700,560700,1,41.7964631391828,-87.7575198669942,"#0000FF"
"223",661000,661000,2,41.7618793057582,-87.6849651358888,"#3800C6"
"224",710400,710400,2,41.7539858928456,-87.6709898691201,"#3800C6"
"225",231300,231300,2,41.898888429258,-87.7336899523689,"#3800C6"
"226",590600,590600,3,41.8268330685391,-87.6729255469589,"#71008D"
"227",140600,140600,4,41.9646504965476,-87.7230373813944,"#AA0055"
"228",530400,530400,3,41.6740395429361,-87.6515242811733,"#71008D"
"229",431400,431400,2,41.7579523581875,-87.5523918732811,"#3800C6"
"230",200500,200500,4,41.9153131201828,-87.7338462107937,"#AA0055"
"231",210600,210600,4,41.9356197746311,-87.7124146179617,"#AA0055"
"232",680900,680900,2,41.7764307736865,-87.6376354178629,"#3800C6"
"233",140200,140200,4,41.9707569436591,-87.713023438456,"#AA0055"
"234",260200,260200,4,41.8843342700859,-87.7282271717854,"#AA0055"
"235",243000,243000,5,41.892276763864,-87.6793974823428,"#E2001C"
"236",281600,281600,5,41.8797854844213,-87.6692330292549,"#E2001C"
"237",240900,240900,4,41.9047121171416,-87.7018845659384,"#AA0055"
"238",430900,430900,3,41.7606410177622,-87.5811855616373,"#71008D"
"239",140800,140800,3,41.9645069688459,-87.7027335306407,"#71008D"
"240",302000,302000,3,41.8314960615145,-87.7152535032215,"#71008D"
"241",283900,283900,2,41.8633026892492,-87.6614377559391,"#3800C6"
"242",100400,100400,5,41.9889675638242,-87.8180419557999,"#E2001C"
"243",450100,450100,1,41.7536698848146,-87.5921504405097,"#0000FF"
"244",390700,390700,1,41.8059117464246,-87.5874793364268,"#0000FF"
"245",310600,310600,4,41.8563332594772,-87.6595642045341,"#AA0055"
"246",222500,222500,1,41.9157074156203,-87.6995967924043,"#0000FF"
"247",450200,450200,4,41.7441995608814,-87.5913491169102,"#AA0055"
"248",300500,300500,3,41.8474342522919,-87.7219444684485,"#71008D"
"249",440200,440200,2,41.7438951053479,-87.6098887695253,"#3800C6"
"250",280300,280300,3,41.885217938346,-87.6618731888272,"#71008D"
"251",220600,220600,4,41.9283163434557,-87.7122369285843,"#AA0055"
"252",630700,630700,4,41.7901329319731,-87.6888142817256,"#AA0055"
"253",20100,20100,1,42.0157199614358,-87.6871160055609,"#0000FF"
"254",231500,231500,2,41.8917541935412,-87.7186707958751,"#3800C6"
"255",491100,491100,4,41.699759594728,-87.6377304309949,"#AA0055"
"256",381200,381200,3,41.8085115413214,-87.6139994516568,"#71008D"
"257",690300,690300,2,41.7686672958652,-87.6289832713561,"#3800C6"
"258",221000,221000,1,41.9209609299511,-87.7152528215373,"#0000FF"
"259",320500,320500,4,41.8745019021359,-87.6320257695403,"#AA0055"
"260",71000,71000,5,41.9217015510809,-87.6559118519387,"#E2001C"
"261",561000,561000,1,41.7885024847635,-87.7915034582662,"#0000FF"
"262",10400,10400,3,42.0047648048055,-87.6591225508186,"#71008D"
"263",50200,50200,5,41.9577355985815,-87.6837181039136,"#E2001C"
"264",190200,190200,3,41.9351139679009,-87.7516489612155,"#71008D"
"265",31400,31400,1,41.962406813138,-87.6434223130439,"#0000FF"
"266",570100,570100,1,41.8162647990797,-87.7189271509212,"#0000FF"
"267",680600,680600,4,41.7832818957935,-87.6521653994656,"#AA0055"
"268",681200,681200,2,41.7691898264959,-87.6384968711258,"#3800C6"
"269",62100,62100,4,41.942691874423,-87.6517705084855,"#AA0055"
"270",671400,671400,2,41.7737916765805,-87.6761777865655,"#3800C6"
"271",243200,243200,3,41.8924332138004,-87.6696239331893,"#71008D"
"272",611400,611400,4,41.804892963366,-87.6721661096423,"#AA0055"
"273",30400,30400,1,41.986953117649,-87.6720810073314,"#0000FF"
"274",630500,630500,4,41.7974277423017,-87.6890166441051,"#AA0055"
"275",610100,610100,5,41.8198841955828,-87.6409232025664,"#E2001C"
"276",242000,242000,3,41.8997374470103,-87.6649539201557,"#71008D"
"277",281700,281700,5,41.8789848541305,-87.6618976673978,"#E2001C"
"278",610800,610800,1,41.8126784315839,-87.6384880390914,"#0000FF"
"279",510300,510300,2,41.7157610648673,-87.5748881937045,"#3800C6"
"280",671100,671100,4,41.7767776723942,-87.6617163123447,"#AA0055"
"281",292200,292200,2,41.8566586137009,-87.7157325945494,"#3800C6"
"282",360500,360500,5,41.8197340686603,-87.6047422492412,"#E2001C"
"283",400100,400100,2,41.8002430157566,-87.6161608595907,"#3800C6"
"284",711400,711400,4,41.7336535021299,-87.6521186742573,"#AA0055"
"285",290800,290800,3,41.8678462784937,-87.7329260517888,"#71008D"
"286",491200,491200,4,41.688775948525,-87.6374396716656,"#AA0055"
"287",351200,351200,1,41.8275169833388,-87.6175385599225,"#0000FF"
"288",611800,611800,4,41.7976482941129,-87.6671138465539,"#AA0055"
"289",671900,671900,4,41.7613646939192,-87.6612816615051,"#AA0055"
"290",242200,242200,1,41.8995898547729,-87.6747191374891,"#0000FF"
"291",290900,290900,2,41.8624142614956,-87.7324696377264,"#3800C6"
"292",250300,250300,4,41.9128368085505,-87.7608843908112,"#AA0055"
"293",250800,250800,2,41.9061861405841,-87.7514742997821,"#3800C6"
"294",310700,310700,5,41.855989937246,-87.6649068888459,"#E2001C"
"295",460900,460900,4,41.7320091353975,-87.5526568613687,"#AA0055"
"296",292000,292000,1,41.8544842311454,-87.7077680834623,"#0000FF"
"297",580900,580900,3,41.8100577488409,-87.6967141392036,"#71008D"
"298",711500,711500,3,41.7324415504807,-87.638739034337,"#71008D"
"299",611900,611900,2,41.7977434434805,-87.659822865117,"#3800C6"
"300",80700,80700,1,41.9010396731262,-87.6485992948194,"#0000FF"
"301",243600,243600,1,41.8919828620316,-87.6447635046551,"#0000FF"
"302",311300,311300,4,41.8436356314343,-87.6825634970358,"#AA0055"
"303",251700,251700,2,41.8914022888803,-87.7444291804412,"#3800C6"
"304",330300,330300,5,41.8492358691104,-87.6281269542598,"#E2001C"
"305",231000,231000,4,41.8991123382202,-87.7102658528317,"#AA0055"
"306",280400,280400,3,41.8860057905601,-87.6718739420487,"#71008D"
"307",220100,220100,5,41.928667805823,-87.6831268158658,"#E2001C"
"308",311400,311400,3,41.8446596222988,-87.6718006707244,"#71008D"
"309",510400,510400,3,41.6824720660562,-87.5725321163512,"#71008D"
"310",601100,601100,5,41.8345002108202,-87.6387110663957,"#E2001C"
"311",630900,630900,3,41.7897875668744,-87.7084167278086,"#71008D"
"312",711100,711100,4,41.7395020351861,-87.6583003964298,"#AA0055"
"313",30800,30800,1,41.9799124882603,-87.664188244885,"#0000FF"
"314",241400,241400,4,41.9060259838803,-87.6753117051508,"#AA0055"
"315",260300,260300,4,41.8842720789452,-87.7331366046149,"#AA0055"
"316",610300,610300,2,41.8161781486957,-87.6751019834094,"#3800C6"
"317",340200,340200,1,41.8493506325394,-87.6354811224424,"#0000FF"
"318",630100,630100,3,41.7992920007107,-87.6817668292445,"#71008D"
"319",620200,620200,1,41.7955126501738,-87.7292336242652,"#0000FF"
"320",360300,360300,5,41.8280258732525,-87.5998401731039,"#E2001C"
"321",670800,670800,4,41.7831449375519,-87.6618793121013,"#AA0055"
"322",450300,450300,4,41.7418783090565,-87.5788279618835,"#AA0055"
"323",10700,10700,4,42.009090279226,-87.6759433643361,"#AA0055"
"324",400800,400800,2,41.7828634578389,-87.620558340563,"#3800C6"
"325",301700,301700,2,41.8406428721912,-87.7195748121162,"#3800C6"
"326",490300,490300,3,41.7253861189016,-87.619143369311,"#71008D"
"327",671700,671700,4,41.7686580426081,-87.6566387779055,"#AA0055"
"328",301500,301500,4,41.840833019662,-87.7073712375874,"#AA0055"
"329",280900,280900,3,41.8786441198546,-87.685131832793,"#71008D"
"330",420400,420400,3,41.7831708883475,-87.6035588884558,"#71008D"
"331",20800,20800,4,41.9904012288007,-87.6945219774697,"#AA0055"
"332",430600,430600,3,41.7643596834034,-87.5713420287222,"#71008D"
"333",420200,420200,3,41.7834599442035,-87.5935368847995,"#71008D"
"334",300100,300100,4,41.8540708823791,-87.6914890008983,"#AA0055"
"335",71500,71500,1,41.9146162739195,-87.6317174163008,"#0000FF"
"336",260100,260100,3,41.8843715571565,-87.7233197223634,"#71008D"
"337",400600,400600,3,41.7889090356585,-87.626976283879,"#71008D"
"338",300800,300800,4,41.8481112779294,-87.7075818315132,"#AA0055"
"339",670300,670300,4,41.7903580709306,-87.6669171603011,"#AA0055"
"340",691500,691500,2,41.7550627490903,-87.600297301853,"#3800C6"
"341",490900,490900,2,41.700289874384,-87.6157161268535,"#3800C6"
"342",590400,590400,3,41.8295057107785,-87.6857887815886,"#71008D"
"343",221600,221600,1,41.9212731651522,-87.6850821135272,"#0000FF"
"344",640700,640700,1,41.7764086724694,-87.7519402600301,"#0000FF"
"345",240600,240600,1,41.9121320882968,-87.6897112754642,"#0000FF"
"346",680100,680100,1,41.7877557990526,-87.6294020404692,"#0000FF"
"347",61100,61100,1,41.9491397817344,-87.6568039091382,"#0000FF"
"348",220900,220900,4,41.9210515245477,-87.7215596147338,"#AA0055"
"349",580600,580600,4,41.8173980112704,-87.6920317384819,"#AA0055"
"350",710100,710100,3,41.7533924474204,-87.6419717784452,"#71008D"
"351",630400,630400,4,41.7972547577152,-87.6987813462355,"#AA0055"
"352",280800,280800,3,41.8785975789203,-87.6889019491859,"#71008D"
"353",63400,63400,5,41.934659165331,-87.6467297254302,"#E2001C"
"354",61600,61600,3,41.9462309274177,-87.65664070339,"#71008D"
"355",291000,291000,3,41.8607154770053,-87.7225793160982,"#71008D"
"356",461000,461000,4,41.727419839871,-87.5466439709795,"#AA0055"
"357",243300,243300,1,41.8924932254575,-87.6647458389276,"#0000FF"
"358",440900,440900,4,41.7286693988686,-87.6090062819443,"#AA0055"
"359",350600,350600,5,41.8346818235192,-87.6242704996675,"#E2001C"
"360",10100,10100,4,42.0212235604137,-87.6698248036497,"#AA0055"
"361",251500,251500,2,41.8910854622589,-87.760349392049,"#3800C6"
"362",711000,711000,2,41.7396448612344,-87.6485823387348,"#3800C6"
"363",30600,30600,3,41.9865490446757,-87.6561139171414,"#71008D"
"364",250700,250700,2,41.9058210080657,-87.7608129914866,"#3800C6"
"365",292500,292500,4,41.855103955347,-87.7322454051021,"#AA0055"
"366",491300,491300,2,41.6888980122189,-87.6278050061178,"#3800C6"
"367",20300,20300,1,42.0075797473402,-87.7008041648566,"#0000FF"
"368",240200,240200,5,41.9124318774239,-87.6701891485661,"#E2001C"
"369",220700,220700,4,41.9281974679399,-87.7219836373092,"#AA0055"
"370",271800,271800,4,41.8714965324855,-87.6984896408838,"#AA0055"
"371",500300,500300,5,41.6893166207536,-87.6053715734079,"#E2001C"
"372",421200,421200,4,41.7706622490736,-87.6089455836706,"#AA0055"
"373",691200,691200,4,41.754434156207,-87.6321845472507,"#AA0055"
"374",81600,81600,3,41.8920727416438,-87.6288741616786,"#71008D"
"375",250500,250500,1,41.9146023971041,-87.7968157234165,"#0000FF"
"376",720400,720400,5,41.7099920463009,-87.6866691548424,"#E2001C"
"377",30300,30300,1,41.9943810784487,-87.6725384060063,"#0000FF"
"378",230100,230100,1,41.9119719768081,-87.7043657113432,"#0000FF"
"379",71100,71100,3,41.9217782465025,-87.6510618875277,"#71008D"
"380",40100,40100,5,41.9833310003526,-87.6819935517794,"#E2001C"
"381",281100,281100,5,41.8821345251649,-87.6827634403908,"#E2001C"
"382",81900,81900,4,41.8979839255772,-87.6414915341718,"#AA0055"
"383",250200,250200,3,41.9122849031764,-87.7510700774804,"#71008D"
"384",670200,670200,4,41.7904251915289,-87.6620630035123,"#AA0055"
"385",270700,270700,1,41.8819107689243,-87.7036894773507,"#0000FF"
"386",680200,680200,2,41.787191604529,-87.6352483877966,"#3800C6"
"387",400700,400700,4,41.7865299968548,-87.620642620612,"#AA0055"
"388",40300,40300,5,41.9768119842823,-87.701941165231,"#E2001C"
"389",250400,250400,4,41.9129253011343,-87.7753674981988,"#AA0055"
"390",150500,150500,1,41.9606666261864,-87.7819036475215,"#0000FF"
"391",221200,221200,5,41.9210846423414,-87.7046483881845,"#E2001C"
"392",590200,590200,1,41.8339165382975,-87.6704616908689,"#0000FF"
"393",610700,610700,3,41.8125088308102,-87.6432453728473,"#71008D"
"394",241100,241100,3,41.9066386008401,-87.689579837163,"#71008D"
"395",580700,580700,3,41.817492630823,-87.6868452686617,"#71008D"
"396",650300,650300,3,41.7749963392018,-87.7250706124649,"#71008D"
"397",100600,100600,5,41.9792044848037,-87.7973989810338,"#E2001C"
"398",291100,291100,2,41.8631948457515,-87.7193919455496,"#3800C6"
"399",520400,520400,1,41.703005361049,-87.5307125567204,"#0000FF"
"400",530600,530600,4,41.670422299049,-87.6190071945384,"#AA0055"
"401",260900,260900,4,41.8710123329954,-87.7228130770924,"#AA0055"
"402",151000,151000,3,41.9424524147485,-87.7496104853305,"#71008D"
"403",690100,690100,4,41.7765005544288,-87.6203846857992,"#AA0055"
"404",390200,390200,1,41.813041436827,-87.5994766165787,"#0000FF"
"405",242400,242400,1,41.8994223131443,-87.6844901246095,"#0000FF"
"406",420500,420500,2,41.7831007541307,-87.6084265028259,"#3800C6"
"407",160700,160700,3,41.9504044287691,-87.7020071142141,"#71008D"
"408",31100,31100,1,41.9726679991141,-87.663865504914,"#0000FF"
"409",710500,710500,2,41.7475342204414,-87.6707697381098,"#3800C6"
"410",381700,381700,5,41.8055632563232,-87.6274674719011,"#E2001C"
"411",241200,241200,5,41.906707850933,-87.6846859520697,"#E2001C"
"412",491400,491400,2,41.6891234485286,-87.6168216232809,"#3800C6"
"413",210300,210300,3,41.9427053792413,-87.7225354507888,"#71008D"
"414",420700,420700,2,41.7766915727754,-87.6106933007557,"#3800C6"
"415",421100,421100,4,41.776738768067,-87.5808306696955,"#AA0055"
"416",611000,611000,4,41.8047715674026,-87.649938189398,"#AA0055"
"417",580200,580200,4,41.826947351224,-87.6993751977356,"#AA0055"
"418",71400,71400,5,41.9220825727968,-87.6341561188121,"#E2001C"
"419",490800,490800,4,41.71071553175,-87.6152853775019,"#AA0055"
"420",260400,260400,3,41.8842175271905,-87.7380297638271,"#71008D"
"421",281800,281800,1,41.8791479499036,-87.6521704761608,"#0000FF"
"422",301200,301200,4,41.8484116418566,-87.6914304922675,"#AA0055"
"423",40800,40800,5,41.9631533079049,-87.6922587717369,"#E2001C"
"424",151100,151100,3,41.9422905879189,-87.7617177243456,"#71008D"
"425",730600,730600,3,41.7106148685979,-87.650581139695,"#71008D"
"426",292100,292100,3,41.8538932272821,-87.7120358459554,"#71008D"
"427",580100,580100,1,41.8281201097231,-87.6907541796459,"#0000FF"
"428",270400,270400,4,41.8848973446388,-87.7160457306506,"#AA0055"
"429",670400,670400,4,41.7903000157756,-87.671770002731,"#AA0055"
"430",411300,411300,5,41.7904938540435,-87.5988605236068,"#E2001C"
"431",251600,251600,2,41.8914068651821,-87.7518036983035,"#3800C6"
"432",231600,231600,4,41.8918748683866,-87.7088899232368,"#AA0055"
"433",650400,650400,1,41.7653305339335,-87.717207405369,"#0000FF"
"434",611600,611600,4,41.7976059873415,-87.6768622414876,"#AA0055"
"435",261000,261000,4,41.871284640744,-87.7318238093567,"#AA0055"
"436",510200,510200,3,41.7142708291794,-87.5600573473933,"#71008D"
"437",580500,580500,4,41.8172679163362,-87.6994033299324,"#AA0055"
"438",242900,242900,1,41.8921964863483,-87.6842894037953,"#0000FF"
"439",271400,271400,3,41.8772438131523,-87.7133314677034,"#71008D"
"440",190600,190600,4,41.9274840870181,-87.7758535754661,"#AA0055"
"441",291500,291500,3,41.862705637631,-87.6922640204265,"#71008D"
"442",420600,420600,2,41.78301422651,-87.6132781793725,"#3800C6"
"443",283800,283800,1,41.863422738238,-87.6537566226366,"#0000FF"
"444",130500,130500,1,41.9783200393257,-87.7179147784559,"#0000FF"
"445",510500,510500,4,41.7031246803399,-87.5643619953314,"#AA0055"
"446",31500,31500,4,41.9654477920999,-87.6523999298256,"#AA0055"
"447",480300,480300,3,41.7291684090478,-87.5877680542533,"#71008D"
"448",180100,180100,1,41.9344868471986,-87.798635951905,"#0000FF"
"449",561100,561100,5,41.7888697714728,-87.7719121780755,"#E2001C"
"450",640400,640400,5,41.7811786575428,-87.7912476451737,"#E2001C"
"451",251400,251400,2,41.890969419398,-87.7701228456144,"#3800C6"
"452",170100,170100,5,41.9558592017959,-87.7948168731825,"#E2001C"
"453",50400,50400,5,41.9469659447407,-87.6919670546663,"#E2001C"
"454",581100,581100,3,41.8064039822812,-87.6940091933484,"#71008D"
"455",60600,60600,5,41.9527796744612,-87.655662783977,"#E2001C"
"456",230400,230400,3,41.9117888411117,-87.7215097036339,"#71008D"
"457",271900,271900,4,41.8726389705666,-87.6936589406843,"#AA0055"
"458",380300,380300,4,41.8202026015744,-87.6190705546924,"#AA0055"
"459",620300,620300,3,41.7895012608674,-87.7303971543177,"#71008D"
"460",381000,381000,1,41.8140492437342,-87.6091140700756,"#0000FF"
"461",580800,580800,1,41.810218878394,-87.6866458215415,"#0000FF"
"462",190500,190500,1,41.9306844479899,-87.7881136666003,"#0000FF"
"463",10300,10300,3,42.0159344067433,-87.6665363094553,"#71008D"
"464",220300,220300,5,41.9284650435035,-87.6950866787495,"#E2001C"
"465",270300,270300,4,41.8854940403701,-87.7086933901901,"#AA0055"
"466",90200,90200,5,42.0056081530324,-87.8130982703867,"#E2001C"
"467",271500,271500,3,41.8717864803227,-87.7131563361344,"#71008D"
"468",330400,330400,5,41.8492477719449,-87.6246019297096,"#E2001C"
"469",680500,680500,4,41.7905644743751,-87.6523525210714,"#AA0055"
"470",410800,410800,5,41.7979652483156,-87.5896070254959,"#E2001C"
"471",160500,160500,4,41.9574920102242,-87.71302856262,"#AA0055"
"472",671600,671600,2,41.7695001668816,-87.6615120701501,"#3800C6"
"473",190800,190800,3,41.9278191055131,-87.7513626952936,"#71008D"
"474",590500,590500,3,41.8266634984005,-87.6799067128409,"#71008D"
"475",271600,271600,3,41.8718461388175,-87.7082873525165,"#71008D"
"476",640800,640800,5,41.7748147103675,-87.73972639535,"#E2001C"
"477",231700,231700,1,41.8916321244529,-87.6996316351107,"#0000FF"
"478",400400,400400,2,41.7911261439937,-87.618321624654,"#3800C6"
"479",601000,601000,1,41.8361560940755,-87.6434586105082,"#0000FF"
"480",40700,40700,5,41.9668063235749,-87.6940201164094,"#E2001C"
"481",500100,500100,3,41.7146750650608,-87.5949330310683,"#71008D"
"482",360400,360400,1,41.8214377451036,-87.59439130881,"#0000FF"
"483",80800,80800,1,41.9016724063767,-87.6399771336105,"#0000FF"
"484",640100,640100,5,41.7821139523982,-87.7399588615326,"#E2001C"
"485",660500,660500,3,41.7752452690349,-87.7079560067586,"#71008D"
"486",221800,221800,1,41.9205287015325,-87.6724659962947,"#0000FF"
"487",10600,10600,4,42.0062790967177,-87.6676836565777,"#AA0055"
"488",31200,31200,4,41.9727096063399,-87.6573411101844,"#AA0055"
"489",191100,191100,4,41.9195646304532,-87.750979881238,"#AA0055"
"490",430400,430400,2,41.7621372353752,-87.5902581848418,"#3800C6"
"491",242700,242700,3,41.897425772178,-87.6993744024216,"#71008D"
"492",670900,670900,4,41.7832127800155,-87.6570223083129,"#AA0055"
"493",221500,221500,4,41.9216471787212,-87.6899514905443,"#AA0055"
"494",252300,252300,3,41.8694708384181,-87.7472790416705,"#71008D"
"495",390300,390300,1,41.8132009999238,-87.6042092242864,"#0000FF"
"496",40400,40400,1,41.9723586446285,-87.6816537924977,"#0000FF"
"497",40600,40600,5,41.9668340506408,-87.6840183691445,"#E2001C"
"498",670500,670500,4,41.7866962743205,-87.6766857580377,"#AA0055"
"499",710900,710900,4,41.7421255726773,-87.6396861486164,"#AA0055"
"500",30900,30900,5,41.9797956044358,-87.6714455508184,"#E2001C"
"501",230200,230200,4,41.9118565924549,-87.7100873223806,"#AA0055"
"502",50300,50300,5,41.9576519716694,-87.6915302521094,"#E2001C"
"503",291700,291700,1,41.856913325959,-87.7007018400705,"#0000FF"
"504",740400,740400,1,41.6872381262532,-87.7193130023091,"#0000FF"
"505",670100,670100,3,41.7904944048835,-87.6572085201441,"#71008D"
"506",251300,251300,2,41.8984252915632,-87.7703850814811,"#3800C6"
"507",190900,190900,5,41.927920789357,-87.7441073813568,"#E2001C"
"508",210100,210100,3,41.9428725456924,-87.7013303250002,"#71008D"
"509",291300,291300,2,41.8627161234634,-87.7080009604378,"#3800C6"
"510",381400,381400,4,41.8076176122872,-87.6214361371888,"#AA0055"
"511",430700,430700,3,41.7646425169136,-87.563584802419,"#71008D"
"512",150600,150600,1,41.9494732520889,-87.7717582264588,"#0000FF"
"513",760800,760800,1,41.9634875635259,-87.8465185950015,"#0000FF"
"514",290500,290500,3,41.8684325201234,-87.7142707044412,"#71008D"
"515",200600,200600,1,41.9151845498337,-87.7248901637952,"#0000FF"
"516",730500,730500,3,41.7142523868743,-87.6381750784918,"#71008D"
"517",440700,440700,1,41.7347518038423,-87.6096296237634,"#0000FF"
"518",220400,220400,1,41.9284316228341,-87.6999685947221,"#0000FF"
"519",750200,750200,1,41.6956521712592,-87.6714064772109,"#0000FF"
"520",252400,252400,3,41.8688126303984,-87.7637110208037,"#71008D"
"521",161300,161300,3,41.9426996259218,-87.7310024889825,"#71008D"
"522",10500,10500,4,42.0048195048082,-87.6634810848977,"#AA0055"
"523",310200,310200,1,41.8563098761406,-87.6442092904954,"#0000FF"
"524",160200,160200,5,41.9587979604076,-87.7383938199515,"#E2001C"
"525",570200,570200,1,41.8144410954879,-87.730733381138,"#0000FF"
"526",100100,100100,5,41.9895840041062,-87.7830133212461,"#E2001C"
"527",570500,570500,1,41.7986053720211,-87.7324279858519,"#0000FF"
"528",270200,270200,3,41.8855444633999,-87.7013462708751,"#71008D"
"529",640600,640600,1,41.7760359738984,-87.7714280792696,"#0000FF"
"530",30500,30500,1,41.9872255926283,-87.6649377449896,"#0000FF"
"531",360200,360200,3,41.8268942147615,-87.6098785955955,"#71008D"
"532",20600,20600,3,42.0010751837322,-87.6980947245186,"#71008D"
"533",351400,351400,1,41.8274003110309,-87.6240889553339,"#0000FF"
"534",280100,280100,3,41.8853000525879,-87.6428084696969,"#71008D"
"535",310100,310100,5,41.8546746371832,-87.6412412090184,"#E2001C"
"536",242100,242100,3,41.8996702387522,-87.6698378011657,"#71008D"
"537",671800,671800,4,41.7614352981997,-87.6564473224964,"#AA0055"
"538",32000,32000,5,41.9583225597658,-87.6603466015697,"#E2001C"
"539",241000,241000,3,41.9079652633378,-87.694534283015,"#71008D"
"540",311200,311200,5,41.8484473856844,-87.6866489028107,"#E2001C"
"541",160400,160400,3,41.9573607235176,-87.7228222540586,"#71008D"
"542",711200,711200,4,41.7405850539562,-87.6698354265955,"#AA0055"
"543",80400,80400,4,41.9074128761219,-87.6409015280534,"#AA0055"
"544",30200,30200,1,41.9944422838803,-87.6652247902536,"#0000FF"
"545",570300,570300,1,41.8041473614534,-87.730828490077,"#0000FF"
"546",661100,661100,4,41.7608184560535,-87.7027008357573,"#AA0055"
"547",160100,160100,1,41.9646362353554,-87.7427878890159,"#0000FF"
"548",340500,340500,1,41.8345261252693,-87.6330140595357,"#0000FF"
"549",730400,730400,4,41.717817352114,-87.6525180511823,"#AA0055"
"550",720300,720300,5,41.7139032948721,-87.6771434619019,"#E2001C"
"551",20900,20900,3,41.9942459604988,-87.6823372071543,"#71008D"
"552",612000,612000,3,41.7978475245557,-87.6525363999926,"#71008D"
"553",601500,601500,1,41.8271441449408,-87.6429739009473,"#0000FF"
"554",380100,380100,3,41.8201979358052,-87.6101000906288,"#71008D"
"555",300300,300300,1,41.8534169426816,-87.7017688972381,"#0000FF"
"556",690600,690600,1,41.769552922919,-87.5990493625702,"#0000FF"
"557",150800,150800,1,41.9497091096095,-87.752118417782,"#0000FF"
"558",242500,242500,1,41.8994458304035,-87.6893191968679,"#0000FF"
"559",560800,560800,5,41.796205844817,-87.7721657844647,"#E2001C"
"560",231800,231800,5,41.8974225558865,-87.7043043502338,"#E2001C"
"561",320200,320200,3,41.8846201263074,-87.6328490180129,"#71008D"
"562",283500,283500,5,41.8695998729405,-87.64100721042,"#E2001C"
"563",600800,600800,3,41.8333275323138,-87.6530484054696,"#71008D"
"564",620400,620400,1,41.7896615079073,-87.7182200212336,"#0000FF"
"565",460800,460800,3,41.7319953401487,-87.5429749875087,"#71008D"
"566",520500,520500,1,41.6931523466869,-87.5308646268585,"#0000FF"
"567",380900,380900,1,41.813960432117,-87.6141408394316,"#0000FF"
"568",440300,440300,3,41.7437211496374,-87.6195429362565,"#71008D"
"569",300600,300600,3,41.8479906315353,-87.7173345048504,"#71008D"
"570",70800,70800,1,41.9225011675958,-87.6670340953246,"#0000FF"
"571",282200,282200,5,41.8729214817268,-87.6541605367181,"#E2001C"
"572",630200,630200,1,41.802755154504,-87.6942058870187,"#0000FF"
"573",250900,250900,1,41.9056348442194,-87.7444023863427,"#0000FF"
"574",31600,31600,2,41.9654040371773,-87.6572085740397,"#3800C6"
"575",301100,301100,3,41.8470634805627,-87.6979525764483,"#71008D"
"576",600900,600900,4,41.836510255632,-87.6531587137431,"#AA0055"
"577",740200,740200,5,41.7047024657723,-87.7127058607767,"#E2001C"
"578",62000,62000,1,41.9425772130024,-87.647078521005,"#0000FF"
"579",420900,420900,3,41.7767340529363,-87.5984058625278,"#71008D"
"580",311500,311500,5,41.8494506379724,-87.6577550932452,"#E2001C"
"581",222400,222400,5,41.9157202375766,-87.6946999354919,"#E2001C"
"582",610900,610900,3,41.8053118266754,-87.6406224486783,"#71008D"
"583",490200,490200,4,41.7253059533633,-87.6287233563589,"#AA0055"
"584",282000,282000,5,41.8743052274775,-87.6416526595591,"#E2001C"
"585",110300,110300,5,41.9752811240128,-87.78323806674,"#E2001C"
"586",400200,400200,5,41.7983023968829,-87.6272451047517,"#E2001C"
"587",580300,580300,1,41.8251261493097,-87.708932465908,"#0000FF"
"588",71900,71900,5,41.9145159798297,-87.6508113549047,"#E2001C"
"589",350700,350700,1,41.8336635423337,-87.6195746423232,"#0000FF"
"590",710300,710300,3,41.7540876418668,-87.6611066464754,"#71008D"
"591",283200,283200,5,41.8695838856376,-87.6592046721723,"#E2001C"
"592",240100,240100,1,41.9129424375216,-87.6625216579658,"#0000FF"
"593",292600,292600,3,41.8492039628398,-87.7329466443099,"#71008D"
"594",680700,680700,4,41.783348581908,-87.6473094467609,"#AA0055"
"595",30700,30700,3,41.9799393731573,-87.6549441101156,"#71008D"
"596",222700,222700,1,41.9154962109693,-87.7101956343966,"#0000FF"
"597",300400,300400,1,41.8526495319631,-87.7082283484334,"#0000FF"
"598",380700,380700,3,41.8138063655172,-87.6237680477672,"#71008D"
"599",400500,400500,4,41.7910417189901,-87.6231795792602,"#AA0055"
"600",380400,380400,3,41.8201305946068,-87.6239332554541,"#71008D"
"601",410400,410400,5,41.801461914298,-87.6040093721064,"#E2001C"
"602",81000,81000,1,41.9002657469262,-87.6321092234682,"#0000FF"
"603",660400,660400,3,41.7825323978428,-87.7080444172668,"#71008D"
"604",310400,310400,1,41.8565068079567,-87.6522612934474,"#0000FF"
"605",71700,71700,5,41.9128689301339,-87.6410707467984,"#E2001C"
"606",431000,431000,4,41.7563652936626,-87.5891741702622,"#AA0055"
"607",240700,240700,1,41.9120843902315,-87.6945983007213,"#0000FF"
"608",282800,282800,5,41.8702687878248,-87.6849139294195,"#E2001C"
"609",281000,281000,1,41.882094834628,-87.6852200734258,"#0000FF"
"610",191000,191000,3,41.9192263095528,-87.7438056661399,"#71008D"
"611",550100,550100,3,41.6651697653677,-87.5352844778916,"#71008D"
"612",60800,60800,5,41.9534000266213,-87.6460070414442,"#E2001C"
"613",671000,671000,3,41.7759366103602,-87.6568335369948,"#71008D"
"614",62300,62300,5,41.9416281082765,-87.6614433689986,"#E2001C"
"615",270600,270600,1,41.8818557863931,-87.7085921500021,"#0000FF"
"616",251000,251000,3,41.8987005489895,-87.7447575210914,"#71008D"
"617",490500,490500,1,41.7179672138831,-87.6132286641657,"#0000FF"
"618",130300,130300,1,41.9865582063324,-87.713368824992,"#0000FF"
"619",320100,320100,3,41.8849871960905,-87.6209929116834,"#71008D"
"620",161100,161100,1,41.9498764736968,-87.7381418929436,"#0000FF"
"621",20200,20200,5,42.0156966874373,-87.6996630271189,"#E2001C"
"622",10900,10900,5,42.0007698220684,-87.6692882264609,"#E2001C"
"623",160300,160300,1,41.9572641615633,-87.7308987881168,"#0000FF"
"624",80500,80500,3,41.9073140030925,-87.6457530647895,"#71008D"
"625",60500,60500,5,41.9527191056223,-87.6605035016372,"#E2001C"
"626",221300,221300,1,41.9211259740612,-87.6997544101955,"#0000FF"
"627",284300,284300,5,41.8634669476008,-87.6875008847633,"#E2001C"
"628",290700,290700,3,41.8673817815334,-87.7226923699789,"#71008D"
"629",222300,222300,1,41.9157621460396,-87.6898087945013,"#0000FF"
"630",170900,170900,5,41.9361960588233,-87.8116057745368,"#E2001C"
"631",320600,320600,3,41.8706073733484,-87.6221729555496,"#71008D"
"632",291600,291600,1,41.8576665397694,-87.6921526466231,"#0000FF"
"633",410100,410100,5,41.8012268054605,-87.5853031835458,"#E2001C"
"634",62200,62200,1,41.942585209038,-87.6566440953838,"#0000FF"
"635",340100,340100,5,41.8549438334764,-87.6341751004785,"#E2001C"
"636",381900,381900,1,41.8039459045512,-87.6139168527434,"#0000FF"
"637",161000,161000,1,41.949974507399,-87.7306842588375,"#0000FF"
"638",300200,300200,1,41.853705277439,-87.6973284287898,"#0000FF"
"639",390600,390600,5,41.80602176307,-87.5943479871627,"#E2001C"
"640",270900,270900,5,41.8820041179658,-87.6942554778845,"#E2001C"
"641",31300,31300,5,41.9729293618352,-87.6502900732354,"#E2001C"
"642",282900,282900,1,41.8715972811945,-87.6751238445522,"#0000FF"
"643",600600,600600,1,41.8423040124071,-87.6555164447124,"#0000FF"
"644",350100,350100,5,41.8417611089456,-87.6084497551304,"#E2001C"
"645",351100,351100,3,41.8277888189262,-87.6141870113988,"#71008D"
"646",410600,410600,5,41.7979712269811,-87.598944515147,"#E2001C"
"647",490400,490400,1,41.723654616471,-87.6108251428017,"#0000FF"
"648",72000,72000,5,41.914939712478,-87.6566649905173,"#E2001C"
"649",61000,61000,1,41.9492209241112,-87.6519703960604,"#0000FF"
"650",200100,200100,1,41.9350581896465,-87.7376200339216,"#0000FF"
"651",550200,550200,5,41.6534111823745,-87.5639294768418,"#E2001C"
"652",20500,20500,3,42.0013132670573,-87.6841982247157,"#71008D"
"653",70100,70100,1,41.9292560990474,-87.6373320495319,"#0000FF"
"654",292300,292300,1,41.8528780772815,-87.7163065094047,"#0000FF"
"655",411000,411000,1,41.790506326045,-87.5831437507214,"#0000FF"
"656",240800,240800,1,41.9120735019141,-87.6994797210319,"#0000FF"
"657",81100,81100,3,41.9002213610166,-87.6291051915074,"#71008D"
"658",80100,80100,5,41.9075201399428,-87.62665891199,"#E2001C"
"659",220200,220200,5,41.9285132479279,-87.6902145225712,"#E2001C"
"660",70700,70700,1,41.9292725375651,-87.6738073209087,"#0000FF"
"661",410500,410500,1,41.797827050589,-87.603745763347,"#0000FF"
"662",120300,120300,1,41.9911196822435,-87.7400549571095,"#0000FF"
"663",130200,130200,5,41.9808437657099,-87.7360837444369,"#E2001C"
"664",283100,283100,1,41.8692744731576,-87.66404724236,"#0000FF"
"665",240500,240500,5,41.9119722940265,-87.6836429459876,"#E2001C"
"666",650200,650200,1,41.7822169592963,-87.7301873373814,"#0000FF"
"667",60900,60900,1,41.9498293483023,-87.643965351524,"#0000FF"
"668",32100,32100,1,41.9581549285552,-87.6530217924239,"#0000FF"
"669",560300,560300,5,41.8039071485685,-87.7479479008548,"#E2001C"
"670",660100,660100,5,41.7828369356827,-87.6813494903621,"#E2001C"
"671",600400,600400,1,41.8417186685977,-87.6439324961832,"#0000FF"
"672",140400,140400,5,41.9715393233319,-87.7389372712346,"#E2001C"
"673",150700,150700,1,41.9495917222463,-87.7619582779688,"#0000FF"
"674",120100,120100,5,42.00200854548,-87.7750061224623,"#E2001C"
"675",380200,380200,1,41.8205744555439,-87.6149864636452,"#0000FF"
"676",281400,281400,5,41.8821941488858,-87.6791033617315,"#E2001C"
"677",750300,750300,5,41.6953922350538,-87.6861907159622,"#E2001C"
"678",231400,231400,5,41.8915763786166,-87.7333437780601,"#E2001C"
"679",630600,630600,5,41.7902849644114,-87.6817379829039,"#E2001C"
"680",243400,243400,1,41.89253693104,-87.6598643213681,"#0000FF"
"681",360100,360100,1,41.8301720357449,-87.6061665747042,"#0000FF"
"682",220800,220800,5,41.9289149365608,-87.7284441892325,"#E2001C"
"683",222900,222900,1,41.9155404066633,-87.7200993664624,"#0000FF"
"684",222200,222200,5,41.9159097851115,-87.6838259335212,"#E2001C"
"685",120400,120400,5,41.9773229149204,-87.752223614389,"#E2001C"
"686",241600,241600,3,41.906650816994,-87.6653376797979,"#71008D"
"687",110100,110100,5,41.987516242996,-87.7697276309754,"#E2001C"
"688",51300,51300,5,41.9359836334557,-87.6758219301874,"#E2001C"
"689",601200,601200,5,41.8326230772208,-87.6424968490576,"#E2001C"
"690",31800,31800,5,41.9670117596908,-87.6706210468314,"#E2001C"
"691",510100,510100,3,41.713178002426,-87.5499632160142,"#71008D"
"692",600200,600200,5,41.8443724534989,-87.6401456755803,"#E2001C"
"693",80300,80300,3,41.9074919875062,-87.6357600938481,"#71008D"
"694",290600,290600,1,41.867442213862,-87.7178061451022,"#0000FF"
"695",380500,380500,5,41.8201047542504,-87.6278007083219,"#E2001C"
"696",310300,310300,1,41.8561441617692,-87.6489783205666,"#0000FF"
"697",270100,270100,5,41.8857775057476,-87.6938827891105,"#E2001C"
"698",250100,250100,1,41.9119192036416,-87.7437009111609,"#0000FF"
"699",20700,20700,1,41.9908443702657,-87.7043358395284,"#0000FF"
"700",281200,281200,5,41.8786774338456,-87.6826843503444,"#E2001C"
"701",221100,221100,1,41.9210196600731,-87.7103591483313,"#0000FF"
"702",720700,720700,5,41.7031070715834,-87.6651385446292,"#E2001C"
"703",51100,51100,5,41.941365668535,-87.6808269038361,"#E2001C"
"704",750400,750400,5,41.6856970988319,-87.6850682230549,"#E2001C"
"705",284000,284000,1,41.8632151896914,-87.6687722348844,"#0000FF"
"706",320400,320400,3,41.8777278546627,-87.6173996041422,"#71008D"
"707",680800,680800,3,41.7839745224735,-87.6424310419903,"#71008D"
"708",560600,560600,1,41.796582376314,-87.7476947523263,"#0000FF"
"709",690700,690700,5,41.7634180563916,-87.5947464031162,"#E2001C"
"710",60400,60400,5,41.9506734169329,-87.6665362842512,"#E2001C"
"711",221700,221700,5,41.9213448772007,-87.680194468373,"#E2001C"
"712",590700,590700,3,41.8268319182347,-87.6637988797783,"#71008D"
"713",381100,381100,1,41.8104079500088,-87.6090303394026,"#0000FF"
"714",590100,590100,5,41.8336048119863,-87.6627153935646,"#E2001C"
"715",280700,280700,5,41.8820541312079,-87.6893295650909,"#E2001C"
"716",340300,340300,5,41.8428075258761,-87.6357912508897,"#E2001C"
"717",301400,301400,1,41.8413094245472,-87.7023187757064,"#0000FF"
"718",690200,690200,1,41.7776165523855,-87.6275235924404,"#0000FF"
"719",100300,100300,5,41.9887026546697,-87.8044053106678,"#E2001C"
"720",140500,140500,5,41.965362611627,-87.7318328067506,"#E2001C"
"721",440600,440600,1,41.7326763876314,-87.619140444765,"#0000FF"
"722",301000,301000,1,41.8498741369184,-87.6972078864043,"#0000FF"
"723",581000,581000,5,41.8060946393388,-87.7088890416161,"#E2001C"
"724",390500,390500,5,41.8059784641951,-87.5991989866356,"#E2001C"
"725",720600,720600,5,41.7027767284984,-87.6772070237423,"#E2001C"
"726",90100,90100,5,42.015254734879,-87.8135878722308,"#E2001C"
"727",600500,600500,5,41.8440485419543,-87.6502249596023,"#E2001C"
"728",210800,210800,5,41.9357361556763,-87.6989469190397,"#E2001C"
"729",283000,283000,5,41.8679510387159,-87.6750059594218,"#E2001C"
"730",351500,351500,5,41.8272747334217,-87.6277464737175,"#E2001C"
"731",150400,150400,1,41.9608924717528,-87.7721603746622,"#0000FF"
"732",51000,51000,5,41.9413116260025,-87.68561581831,"#E2001C"
"733",50100,50100,5,41.9578434332185,-87.6763732842413,"#E2001C"
"734",610600,610600,5,41.813213094632,-87.6506874229838,"#E2001C"
"735",230800,230800,1,41.9058401097977,-87.7149495414435,"#0000FF"
"736",51500,51500,5,41.9374466247564,-87.6866949441333,"#E2001C"
"737",63000,63000,3,41.9363101898172,-87.6515625961752,"#71008D"
"738",420300,420300,5,41.7832245470628,-87.5986973721347,"#E2001C"
"739",63300,63300,5,41.9346575715462,-87.6378076274542,"#E2001C"
"740",610200,610200,1,41.817554996209,-87.6576942724691,"#0000FF"
"741",290400,290400,5,41.8682056611989,-87.7081633097108,"#E2001C"
"742",351000,351000,1,41.8348033993269,-87.6059822283333,"#0000FF"
"743",220500,220500,1,41.9283914556743,-87.7049072390442,"#0000FF"
"744",160900,160900,1,41.9500776673461,-87.7226108733662,"#0000FF"
"745",50500,50500,5,41.9504426323875,-87.6835062327231,"#E2001C"
"746",191400,191400,5,41.9200770754513,-87.7877555154044,"#E2001C"
"747",720500,720500,5,41.7028338651897,-87.6891070553402,"#E2001C"
"748",301300,301300,1,41.837869891645,-87.6957725389759,"#0000FF"
"749",380600,380600,5,41.8147520533067,-87.62764958308,"#E2001C"
"750",440500,440500,1,41.7334188429691,-87.6269416488438,"#0000FF"
"751",241800,241800,5,41.8982687641107,-87.6527607114816,"#E2001C"
"752",340400,340400,5,41.8418753420273,-87.6320285957494,"#E2001C"
"753",210900,210900,5,41.9354389462704,-87.6933259095776,"#E2001C"
"754",222600,222600,5,41.9156132458743,-87.7044795758603,"#E2001C"
"755",180300,180300,5,41.9216300514596,-87.7957047489151,"#E2001C"
"756",100200,100200,5,41.9956031745927,-87.7942693783021,"#E2001C"
"757",61200,61200,5,41.949060536313,-87.6616429044817,"#E2001C"
"758",110400,110400,5,41.9728457203401,-87.7730990032014,"#E2001C"
"759",150100,150100,5,41.9569248179747,-87.7458865644399,"#E2001C"
"760",590300,590300,3,41.8335845837487,-87.6797977824919,"#71008D"
"761",170800,170800,5,41.9415765612269,-87.8123716672196,"#E2001C"
"762",600700,600700,1,41.8409308419922,-87.6606178816568,"#0000FF"
"763",171100,171100,5,41.9420535003941,-87.7812865661174,"#E2001C"
"764",280600,280600,5,41.8853925883082,-87.6890579036077,"#E2001C"
"765",120200,120200,5,41.9944985160323,-87.7575982506203,"#E2001C"
"766",61900,61900,1,41.9409805586207,-87.6348955389338,"#0000FF"
"767",410200,410200,5,41.8016710310949,-87.5942656984695,"#E2001C"
"768",170500,170500,5,41.9500686657055,-87.8288614123356,"#E2001C"
"769",282400,282400,5,41.8740288105336,-87.6641895619569,"#E2001C"
"770",560100,560100,5,41.8152687525171,-87.741190493236,"#E2001C"
"771",490100,490100,1,41.7320034965337,-87.6312008678828,"#0000FF"
"772",170400,170400,5,41.948908796751,-87.8127108314075,"#E2001C"
"773",70600,70600,5,41.9287630600793,-87.6656768453113,"#E2001C"
"774",70200,70200,5,41.9290777058994,-87.6462934829259,"#E2001C"
"775",31900,31900,5,41.9633743776004,-87.6701845537933,"#E2001C"
"776",600300,600300,5,41.8406533247578,-87.6387484941497,"#E2001C"
"777",560900,560900,5,41.7957499894234,-87.7915510323818,"#E2001C"
"778",390100,390100,5,41.813858357639,-87.5906524334972,"#E2001C"
"779",31000,31000,1,41.9724371340935,-87.6711095368803,"#0000FF"
"780",61700,61700,1,41.9463601730676,-87.6518785740539,"#0000FF"
"781",61300,61300,5,41.9451358070055,-87.6712176744392,"#E2001C"
"782",110200,110200,5,41.9800778563625,-87.7734710734676,"#E2001C"
"783",640500,640500,5,41.7756805822887,-87.7909785671693,"#E2001C"
"784",480200,480200,5,41.7351224164243,-87.5896791904772,"#E2001C"
"785",291900,291900,1,41.8563274866464,-87.707428299985,"#0000FF"
"786",281500,281500,1,41.8797086138516,-87.6741541934164,"#0000FF"
"787",80900,80900,5,41.9013970201242,-87.6358706929675,"#E2001C"
"788",350300,350300,5,41.8419677140322,-87.6244424232345,"#E2001C"
"789",292700,292700,5,41.8503208335092,-87.7235286548424,"#E2001C"
"790",63200,63200,5,41.9383912275536,-87.6385749174721,"#E2001C"
"791",560400,560400,5,41.8040028362871,-87.7406132559433,"#E2001C"
"792",411400,411400,5,41.7904450949944,-87.6037089012349,"#E2001C"
"793",0,0,5,41.853383656184,-87.5913606305884,"#E2001C"
"794",50900,50900,5,41.9449467622479,-87.6857782141609,"#E2001C"
"795",70900,70900,5,41.9211760393181,-87.6607541942276,"#E2001C"
"796",62900,62900,5,41.9362372381494,-87.6564115347613,"#E2001C"
"797",20400,20400,5,42.0084870458008,-87.6859131615791,"#E2001C"
"798",241300,241300,5,41.9067713972334,-87.6810252339466,"#E2001C"
"799",81200,81200,1,41.9007165343845,-87.6250565977288,"#0000FF"
"800",350900,350900,5,41.8365890665501,-87.6176520967766,"#E2001C"
"801",62700,62700,5,41.9360865942636,-87.6661106986083,"#E2001C"
"802",150900,150900,1,41.9498158549886,-87.7448129850389,"#0000FF"
"803",560500,560500,5,41.7967584042158,-87.7403680877019,"#E2001C"
"804",221900,221900,5,41.9160011450802,-87.6689232396777,"#E2001C"
"805",241700,241700,5,41.9074053596191,-87.6607271927078,"#E2001C"
"806",740300,740300,5,41.6950702793337,-87.710715956031,"#E2001C"
"807",350500,350500,5,41.8346458182088,-87.628180761883,"#E2001C"
"808",222800,222800,5,41.9154349136958,-87.7150955428619,"#E2001C"
"809",283700,283700,5,41.8635037329567,-87.6488726699809,"#E2001C"
"810",720200,720200,5,41.7131035926779,-87.6660836487746,"#E2001C"
"811",81300,81300,1,41.8983317899148,-87.6207628733103,"#0000FF"
"812",70500,70500,5,41.9289459664972,-87.6608925778041,"#E2001C"
"813",170300,170300,5,41.949125078016,-87.7968280447763,"#E2001C"
"814",71800,71800,5,41.9145857679282,-87.6459662102878,"#E2001C"
"815",63100,63100,5,41.9382323004533,-87.6467820817402,"#E2001C"
"816",130100,130100,5,41.9911054116745,-87.7207994384928,"#E2001C"
"817",170600,170600,5,41.9412904843521,-87.8307079823247,"#E2001C"
"818",40500,40500,5,41.9669609529755,-87.6766296112772,"#E2001C"
"819",601400,601400,5,41.8270575239595,-87.6516749690443,"#E2001C"
"820",600100,600100,5,41.8472311590132,-87.6442332417662,"#E2001C"
"821",222100,222100,5,41.9162151117993,-87.678818122619,"#E2001C"
"822",284200,284200,5,41.8627386614146,-87.6823044831532,"#E2001C"
"823",240400,240400,5,41.91316873433,-87.6794699582725,"#E2001C"
"824",283300,283300,5,41.8682519025435,-87.6539032708068,"#E2001C"
"825",70400,70400,5,41.9289673252353,-87.6561568347265,"#E2001C"
"826",61800,61800,5,41.9464897614287,-87.6471136305463,"#E2001C"
"827",720100,720100,5,41.7276042541695,-87.6747139603973,"#E2001C"
"828",51200,51200,5,41.9414224866388,-87.6759539326432,"#E2001C"
"829",100700,100700,5,41.9721320450804,-87.7976348830614,"#E2001C"
"830",71300,71300,5,41.9217784122853,-87.6414597716303,"#E2001C"
"831",411100,411100,5,41.7904420643088,-87.5897045564476,"#E2001C"
"832",40900,40900,5,41.9631849480993,-87.6838545540642,"#E2001C"
"833",282500,282500,5,41.8751982343954,-87.6715604532648,"#E2001C"
"834",60300,60300,5,41.9506052922266,-87.6713324906427,"#E2001C"
"835",311100,311100,5,41.8556839059734,-87.6868603753709,"#E2001C"
"836",561300,561300,5,41.7894209595031,-87.7399006360145,"#E2001C"
"837",610500,610500,1,41.8095441315689,-87.6625790343577,"#0000FF"
"838",760900,760900,5,41.9791648178706,-87.903588010364,"#E2001C"
"839",410300,410300,5,41.8016190176365,-87.5990214659589,"#E2001C"
"840",61500,61500,5,41.9452823392934,-87.6615450965046,"#E2001C"
"841",60100,60100,5,41.9575309774106,-87.6666114771054,"#E2001C"
"842",62800,62800,5,41.936159130075,-87.6612652225354,"#E2001C"
"843",290100,290100,5,41.8678736908998,-87.693467937013,"#E2001C"
"844",350800,350800,5,41.8374740802613,-87.6200758802688,"#E2001C"
"845",601600,601600,5,41.8269607846831,-87.6379400302844,"#E2001C"
"846",601300,601300,5,41.831679675227,-87.6449104167655,"#E2001C"
